"pitches","player_id","player_name","year","total_pitches","pitch_percent","ba","iso","babip","slg","woba","xwoba","xba","hits","abs","launch_speed","launch_angle","spin_rate","velocity","effective_speed","whiffs","swings","takes","eff_min_vel","release_extension","pos3_int_start_distance","pos4_int_start_distance","pos5_int_start_distance","pos6_int_start_distance","pos7_int_start_distance","pos8_int_start_distance","pos9_int_start_distance"
"114",346798,"Kyle Lohse",2016,"188","60.64","0.250","0.000","0.231","0.250","0.344","0.335","0.191","3","12","84.5","22.0","2061","84.5","83.04","4","23","90","-1.5","5.32","105","147","110","147","308","329","308"
"2076",572971,"Dallas Keuchel",2015,"3493","59.43","0.100","0.021","0.180","0.120","0.176","0.195","0.122","34","341","78.2","2.6","1981","85.9","85.17","286","675","1394","-0.7","5.96","104","148","109","147","281","310","275"
"1962",448306,"James Shields",2015,"3338","58.78","0.182","0.084","0.324","0.266","0.309","0.291","0.165","52","286","82.8","6.1","2150","86.4","86.92","278","612","1313","0.5","6.68","110","148","109","146","290","308","291"
"814",285064,"Ryan Vogelsong",2016,"1390","58.56","0.158","0.069","0.221","0.228","0.322","0.325","0.173","16","101","76.7","4.1","1984","86.6","86.65","53","189","612","0.0","6.46","111","151","110","147","296","305","289"
"1525",502171,"Alex Cobb",2014,"2611","58.41","0.133","0.024","0.203","0.157","0.230","0.125","0.000","33","248","null","null","null","88.0","null","205","535","970","null","null","null","null","null","null","null","null","null"
"1816",448306,"James Shields",2016,"3134","57.95","0.229","0.078","0.336","0.307","0.364","0.341","0.202","50","218","78.5","7.5","2191","86.1","86.64","199","486","1299","0.5","6.80","107","151","109","145","291","313","291"
"842",435178,"Josh Johnson",2013,"1470","57.28","0.162","0.036","0.315","0.198","0.277","0.157","0.000","18","111","null","null","null","89.2","null","95","239","589","null","null","null","null","null","null","null","null","null"
"793",572971,"Dallas Keuchel",2012,"1388","57.13","0.190","0.070","0.240","0.260","0.322","0.179","0.000","19","100","null","null","null","83.5","null","53","207","580","null","null","null","null","null","null","null","null","null"
"1661",285064,"Ryan Vogelsong",2011,"2937","56.55","0.159","0.031","0.223","0.190","0.256","0.133","0.000","41","258","null","null","null","87.4","null","130","498","1137","null","null","null","null","null","null","null","null","null"
"1828",425844,"Zack Greinke",2015,"3239","56.44","0.107","0.017","0.180","0.124","0.176","0.206","0.139","31","290","80.0","7.7","2200","88.9","88.18","244","576","1240","-0.7","5.96","118","150","110","150","293","306","292"
"1791",452657,"Jon Lester",2015,"3185","56.23","0.149","0.029","0.300","0.178","0.241","0.229","0.135","36","242","81.8","5.7","2203","88.0","87.27","223","539","1237","-0.7","6.01","109","149","106","146","286","300","282"
"1601",450308,"Jered Weaver",2012,"2859","56.00","0.172","0.073","0.239","0.244","0.254","0.100","0.000","45","262","null","null","null","84.3","null","154","486","1101","null","null","null","null","null","null","null","null","null"
"536",456501,"Johnny Cueto",2013,"958","55.95","0.148","0.012","0.250","0.160","0.240","0.127","0.000","12","81","null","null","null","88.7","null","62","172","355","null","null","null","null","null","null","null","null","null"
"450",453311,"Tim Lincecum",2016,"806","55.83","0.250","0.167","0.370","0.417","0.424","0.375","0.189","12","48","80.0","7.5","1784","83.3","83.00","52","109","339","-0.3","6.28","106","149","109","146","299","325","301"
"1369",433587,"Felix Hernandez",2016,"2453","55.81","0.157","0.052","0.292","0.209","0.308","0.314","0.165","30","191","77.5","8.4","2003","87.5","87.32","173","431","926","-0.2","6.44","107","150","110","145","289","310","290"
"1696",433587,"Felix Hernandez",2015,"3040","55.79","0.170","0.033","0.301","0.204","0.267","0.265","0.166","46","270","83.0","2.4","1996","88.4","88.14","235","571","1103","-0.3","6.38","111","146","109","146","290","313","294"
"1331",456501,"Johnny Cueto",2011,"2394","55.60","0.132","0.042","0.185","0.175","0.246","0.142","0.000","25","189","null","null","null","89.9","null","120","424","893","null","null","null","null","null","null","null","null","null"
"1728",456501,"Johnny Cueto",2010,"3117","55.44","0.190","0.109","0.286","0.298","0.298","0.128","0.000","49","258","null","null","null","89.9","null","175","521","1175","null","null","null","null","null","null","null","null","null"
"2004",448306,"James Shields",2012,"3617","55.41","0.136","0.043","0.235","0.179","0.234","0.121","0.000","41","302","null","null","null","87.6","null","273","670","1306","null","null","null","null","null","null","null","null","null"
"1997",453311,"Tim Lincecum",2011,"3607","55.36","0.136","0.057","0.252","0.193","0.266","0.157","0.000","36","264","null","null","null","88.3","null","243","582","1374","null","null","null","null","null","null","null","null","null"
"1571",425844,"Zack Greinke",2011,"2841","55.30","0.128","0.029","0.278","0.157","0.215","0.109","0.000","31","242","null","null","null","87.1","null","206","472","1090","null","null","null","null","null","null","null","null","null"
"1893",452657,"Jon Lester",2012,"3424","55.29","0.176","0.052","0.286","0.228","0.277","0.137","0.000","44","250","null","null","null","89.3","null","207","562","1315","null","null","null","null","null","null","null","null","null"
"1382",425844,"Zack Greinke",2016,"2503","55.21","0.181","0.075","0.298","0.256","0.264","0.235","0.157","41","227","79.6","7.9","2210","87.7","87.46","186","481","887","-0.2","5.99","112","153","118","149","302","323","302"
"1900",456501,"Johnny Cueto",2012,"3449","55.09","0.180","0.032","0.276","0.212","0.259","0.115","0.000","51","283","null","null","null","88.7","null","180","592","1270","null","null","null","null","null","null","null","null","null"
"1622",461829,"Gio Gonzalez",2015,"2947","55.04","0.142","0.009","0.248","0.150","0.258","0.267","0.147","32","226","80.9","2.7","2237","88.1","87.23","179","456","1141","-0.9","6.00","107","148","107","146","293","303","289"
"1268",434622,"Ubaldo Jimenez",2014,"2306","54.99","0.159","0.030","0.250","0.189","0.352","0.255","0.000","21","132","null","null","null","87.5","null","92","308","943","null","null","null","null","null","null","null","null","null"
"1860",425844,"Zack Greinke",2012,"3383","54.98","0.163","0.041","0.291","0.203","0.237","0.101","0.000","48","295","null","null","null","87.3","null","209","521","1329","null","null","null","null","null","null","null","null","null"
"1648",450729,"Doug Fister",2016,"3000","54.93","0.223","0.083","0.293","0.306","0.324","0.305","0.200","54","242","78.1","7.0","1992","83.6","83.50","122","457","1179","-0.1","6.32","107","149","113","149","281","315","285"
"1316",450308,"Jered Weaver",2013,"2396","54.92","0.236","0.094","0.302","0.330","0.324","0.120","0.000","48","203","null","null","null","83.0","null","128","411","895","null","null","null","null","null","null","null","null","null"
"1886",433587,"Felix Hernandez",2014,"3434","54.92","0.132","0.033","0.242","0.164","0.207","0.096","0.000","40","304","null","null","null","89.5","null","288","638","1230","null","null","null","null","null","null","null","null","null"
"1467",572971,"Dallas Keuchel",2016,"2671","54.92","0.150","0.075","0.231","0.225","0.252","0.259","0.162","34","227","78.0","2.8","2083","84.7","84.16","170","440","1018","-0.5","6.02","103","149","113","147","284","314","279"
"1833",218596,"Tim Hudson",2010,"3339","54.90","0.128","0.045","0.170","0.174","0.245","0.141","0.000","34","265","null","null","null","88.5","null","160","500","1299","null","null","null","null","null","null","null","null","null"
"1710",461829,"Gio Gonzalez",2016,"3116","54.88","0.178","0.061","0.290","0.239","0.292","0.292","0.170","41","230","79.1","10.5","2293","86.9","86.36","172","473","1217","-0.5","6.05","109","150","111","145","298","308","283"
"959",285064,"Ryan Vogelsong",2013,"1748","54.86","0.205","0.055","0.260","0.260","0.319","0.168","0.000","26","127","null","null","null","85.4","null","53","250","694","null","null","null","null","null","null","null","null","null"
"1396",346798,"Kyle Lohse",2015,"2545","54.85","0.252","0.112","0.333","0.364","0.338","0.318","0.231","52","206","81.6","7.8","2010","84.9","83.49","150","408","966","-1.4","5.38","106","147","108","147","292","318","295"
"1654",572971,"Dallas Keuchel",2014,"3020","54.77","0.153","0.034","0.254","0.186","0.246","0.125","0.000","36","236","null","null","null","85.6","null","196","493","1145","null","null","null","null","null","null","null","null","null"
"1909",430912,"Matt Cain",2011,"3488","54.73","0.167","0.044","0.260","0.211","0.264","0.133","0.000","45","270","null","null","null","87.9","null","203","582","1292","null","null","null","null","null","null","null","null","null"
"1999",456501,"Johnny Cueto",2014,"3659","54.63","0.129","0.064","0.203","0.193","0.247","0.135","0.000","40","311","null","null","null","89.8","null","209","638","1334","null","null","null","null","null","null","null","null","null"
"1747",452657,"Jon Lester",2011,"3199","54.61","0.153","0.059","0.260","0.212","0.293","0.174","0.000","36","236","null","null","null","89.2","null","193","515","1217","null","null","null","null","null","null","null","null","null"
"1777",430935,"Cole Hamels",2016,"3254","54.61","0.147","0.038","0.259","0.184","0.271","0.278","0.158","39","266","78.7","5.9","1999","88.5","88.49","257","595","1166","0.0","6.30","105","148","110","145","306","328","298"
"1714",435178,"Josh Johnson",2012,"3145","54.50","0.145","0.051","0.265","0.196","0.262","0.146","0.000","34","235","null","null","null","88.7","null","204","474","1190","null","null","null","null","null","null","null","null","null"
"1142",453562,"Jake Arrieta",2011,"2097","54.46","0.160","0.146","0.196","0.306","0.332","0.188","0.000","23","144","null","null","null","89.1","null","102","342","786","null","null","null","null","null","null","null","null","null"
"1445",453311,"Tim Lincecum",2014,"2665","54.22","0.146","0.097","0.218","0.243","0.302","0.179","0.000","27","185","null","null","null","85.0","null","165","409","1024","null","null","null","null","null","null","null","null","null"
"509",435178,"Josh Johnson",2011,"940","54.15","0.114","0.014","0.211","0.129","0.242","0.160","0.000","8","70","null","null","null","89.6","null","51","141","359","null","null","null","null","null","null","null","null","null"
"1562",543294,"Kyle Hendricks",2016,"2888","54.09","0.121","0.039","0.188","0.160","0.211","0.235","0.153","31","256","78.6","8.7","2124","84.6","83.77","183","488","1049","-0.8","5.79","114","152","112","148","297","320","293"
"1783",453311,"Tim Lincecum",2012,"3299","54.05","0.175","0.060","0.340","0.235","0.324","0.196","0.000","38","217","null","null","null","86.6","null","228","490","1271","null","null","null","null","null","null","null","null","null"
"873",346798,"Kyle Lohse",2010,"1617","53.99","0.258","0.076","0.327","0.333","0.349","0.151","0.000","34","132","null","null","null","86.2","null","53","226","636","null","null","null","null","null","null","null","null","null"
"1811",543699,"Tanner Roark",2016,"3355","53.98","0.193","0.042","0.281","0.235","0.315","0.321","0.193","46","238","77.6","9.5","2171","88.4","87.61","180","523","1253","-0.8","5.80","109","149","111","146","294","308","288"
"2019",450308,"Jered Weaver",2011,"3746","53.90","0.161","0.048","0.232","0.210","0.239","0.100","0.000","50","310","null","null","null","84.3","null","189","619","1385","null","null","null","null","null","null","null","null","null"
"1758",456501,"Johnny Cueto",2015,"3271","53.75","0.196","0.082","0.295","0.278","0.275","0.267","0.187","57","291","81.5","7.7","2122","89.6","88.52","191","587","1151","-1.1","5.67","112","148","110","145","294","308","290"
"1279",592789,"Noah Syndergaard",2015,"2380","53.74","0.131","0.034","0.268","0.166","0.223","0.220","0.130","23","175","78.2","2.7","2024","91.9","92.40","187","401","862","0.5","6.90","114","152","113","145","291","310","293"
"1875",452657,"Jon Lester",2014,"3493","53.68","0.143","0.055","0.254","0.199","0.229","0.103","0.000","39","272","null","null","null","87.8","null","205","583","1283","null","null","null","null","null","null","null","null","null"
"2114",434378,"Justin Verlander",2011,"3941","53.64","0.153","0.073","0.228","0.226","0.238","0.096","0.000","50","327","null","null","null","90.2","null","243","696","1410","null","null","null","null","null","null","null","null","null"
"1640",285064,"Ryan Vogelsong",2014,"3058","53.63","0.188","0.052","0.275","0.239","0.303","0.160","0.000","40","213","null","null","null","86.9","null","110","400","1214","null","null","null","null","null","null","null","null","null"
"1238",285064,"Ryan Vogelsong",2015,"2311","53.57","0.174","0.058","0.257","0.232","0.320","0.329","0.183","27","155","78.5","7.9","1985","87.3","87.33","89","311","918","0.0","6.34","112","148","110","146","290","316","294"
"1342",572971,"Dallas Keuchel",2013,"2506","53.55","0.137","0.021","0.248","0.158","0.252","0.150","0.000","26","190","null","null","null","85.1","null","155","398","924","null","null","null","null","null","null","null","null","null"
"1508",425844,"Zack Greinke",2013,"2816","53.55","0.184","0.097","0.277","0.281","0.289","0.128","0.000","40","217","null","null","null","87.7","null","173","455","1035","null","null","null","null","null","null","null","null","null"
"1694",452657,"Jon Lester",2016,"3165","53.52","0.181","0.078","0.339","0.259","0.282","0.238","0.135","42","232","77.1","12.2","2300","88.5","88.27","208","485","1193","-0.2","6.29","110","150","108","147","292","318","288"
"1717",425844,"Zack Greinke",2014,"3210","53.49","0.184","0.035","0.313","0.219","0.242","0.087","0.000","53","288","null","null","null","88.0","null","233","569","1138","null","null","null","null","null","null","null","null","null"
"998",448855,"Junior Guerra",2016,"1866","53.48","0.094","0.014","0.178","0.109","0.237","0.259","0.120","13","138","77.6","5.1","1867","89.5","89.19","121","285","706","-0.3","6.16","110","152","111","148","302","316","288"
"1710",461829,"Gio Gonzalez",2012,"3198","53.47","0.134","0.043","0.227","0.178","0.257","0.153","0.000","34","253","null","null","null","89.8","null","168","467","1222","null","null","null","null","null","null","null","null","null"
"1794",452657,"Jon Lester",2010,"3357","53.44","0.122","0.027","0.262","0.149","0.277","0.192","0.000","27","222","null","null","null","89.2","null","215","507","1273","null","null","null","null","null","null","null","null","null"
"1604",346798,"Kyle Lohse",2014,"3002","53.43","0.215","0.087","0.302","0.302","0.305","0.121","0.000","52","242","null","null","null","85.2","null","150","489","1102","null","null","null","null","null","null","null","null","null"
"1711",218596,"Tim Hudson",2011,"3204","53.40","0.177","0.027","0.307","0.204","0.285","0.155","0.000","40","226","null","null","null","87.4","null","193","468","1204","null","null","null","null","null","null","null","null","null"
"206",502171,"Alex Cobb",2016,"386","53.37","0.233","0.033","0.269","0.267","0.301","0.311","0.238","7","30","84.7","14.2","2009","87.0","85.09","15","64","142","-1.9","5.43","106","155","113","147","295","327","298"
"1841",506433,"Yu Darvish",2013,"3452","53.33","0.131","0.020","0.305","0.152","0.278","0.186","0.000","32","244","null","null","null","87.4","null","266","505","1319","null","null","null","null","null","null","null","null","null"
"1949",448306,"James Shields",2013,"3657","53.30","0.211","0.023","0.360","0.234","0.306","0.151","0.000","55","261","null","null","null","87.8","null","200","541","1393","null","null","null","null","null","null","null","null","null"
"1628",285064,"Ryan Vogelsong",2012,"3056","53.27","0.163","0.043","0.260","0.206","0.278","0.153","0.000","38","233","null","null","null","87.1","null","132","434","1159","null","null","null","null","null","null","null","null","null"
"705",453311,"Tim Lincecum",2015,"1325","53.21","0.177","0.038","0.277","0.215","0.344","0.330","0.150","14","79","78.2","0.0","1901","82.8","83.05","84","192","503","0.3","6.38","112","148","108","146","290","317","292"
"766",430912,"Matt Cain",2014,"1440","53.19","0.171","0.095","0.242","0.267","0.296","0.155","0.000","18","105","null","null","null","87.9","null","66","209","541","null","null","null","null","null","null","null","null","null"
"1811",461829,"Gio Gonzalez",2011,"3408","53.14","0.133","0.037","0.238","0.170","0.288","0.192","0.000","32","241","null","null","null","88.7","null","190","478","1322","null","null","null","null","null","null","null","null","null"
"1483",543294,"Kyle Hendricks",2015,"2793","53.10","0.177","0.073","0.261","0.250","0.271","0.267","0.177","41","232","82.3","6.5","2145","86.0","84.66","153","444","1025","-1.3","5.54","113","150","110","148","286","300","287"
"447",502171,"Alex Cobb",2011,"842","53.09","0.174","0.029","0.279","0.203","0.291","0.163","0.000","12","69","null","null","null","87.8","null","49","136","308","null","null","null","null","null","null","null","null","null"
"1999",434378,"Justin Verlander",2012,"3768","53.05","0.180","0.057","0.268","0.237","0.263","0.112","0.000","57","317","null","null","null","89.5","null","208","660","1322","null","null","null","null","null","null","null","null","null"
"589",136880,"Roy Halladay",2013,"1112","52.97","0.086","0.000","0.172","0.086","0.339","0.296","0.000","5","58","null","null","null","84.0","null","55","125","447","null","null","null","null","null","null","null","null","null"
"910",453562,"Jake Arrieta",2010,"1718","52.97","0.216","0.095","0.267","0.310","0.351","0.189","0.000","25","116","null","null","null","88.7","null","65","259","634","null","null","null","null","null","null","null","null","null"
"1620",434622,"Ubaldo Jimenez",2015,"3063","52.89","0.174","0.096","0.264","0.271","0.323","0.301","0.156","38","218","80.1","4.5","1967","87.9","87.50","149","427","1171","-0.4","5.93","110","154","119","148","291","301","289"
"1486",453329,"Clay Buchholz",2010,"2810","52.88","0.190","0.022","0.279","0.212","0.314","0.184","0.000","34","179","null","null","null","90.2","null","130","430","1046","null","null","null","null","null","null","null","null","null"
"1445",453329,"Clay Buchholz",2014,"2741","52.72","0.189","0.040","0.282","0.229","0.310","0.176","0.000","33","175","null","null","null","87.6","null","132","398","1032","null","null","null","null","null","null","null","null","null"
"713",453329,"Clay Buchholz",2011,"1354","52.66","0.205","0.120","0.268","0.325","0.347","0.183","0.000","17","83","null","null","null","88.9","null","58","186","519","null","null","null","null","null","null","null","null","null"
"1169",502171,"Alex Cobb",2013,"2221","52.63","0.131","0.063","0.206","0.193","0.260","0.150","0.000","23","176","null","null","null","87.0","null","127","372","780","null","null","null","null","null","null","null","null","null"
"607",543294,"Kyle Hendricks",2014,"1156","52.51","0.143","0.000","0.208","0.143","0.214","0.106","0.000","15","105","null","null","null","84.8","null","57","206","390","null","null","null","null","null","null","null","null","null"
"1965",434378,"Justin Verlander",2010,"3745","52.47","0.170","0.062","0.260","0.232","0.275","0.135","0.000","49","289","null","null","null","90.8","null","190","629","1318","null","null","null","null","null","null","null","null","null"
"1757",450308,"Jered Weaver",2014,"3352","52.42","0.218","0.071","0.287","0.289","0.318","0.145","0.000","52","239","null","null","null","81.5","null","141","445","1297","null","null","null","null","null","null","null","null","null"
"943",543699,"Tanner Roark",2015,"1800","52.39","0.244","0.069","0.320","0.313","0.325","0.293","0.206","32","131","81.6","9.5","2091","89.0","87.71","81","297","627","-1.3","5.71","109","149","108","146","289","304","292"
"1764",461829,"Gio Gonzalez",2010,"3370","52.34","0.146","0.047","0.246","0.193","0.295","0.189","0.000","34","233","null","null","null","87.3","null","181","461","1292","null","null","null","null","null","null","null","null","null"
"1672",425794,"Adam Wainwright",2016,"3196","52.32","0.159","0.041","0.264","0.200","0.276","0.272","0.155","35","220","76.6","8.5","2339","84.3","84.07","175","451","1196","-0.2","6.33","109","146","110","145","296","313","298"
"1733",461829,"Gio Gonzalez",2013,"3315","52.28","0.153","0.031","0.268","0.183","0.285","0.175","0.000","35","229","null","null","null","88.6","null","161","462","1256","null","null","null","null","null","null","null","null","null"
"851",453329,"Clay Buchholz",2013,"1629","52.24","0.172","0.034","0.270","0.207","0.288","0.159","0.000","20","116","null","null","null","87.9","null","85","238","610","null","null","null","null","null","null","null","null","null"
"1795",453311,"Tim Lincecum",2010,"3437","52.23","0.167","0.058","0.297","0.225","0.287","0.155","0.000","46","275","null","null","null","87.2","null","238","554","1207","null","null","null","null","null","null","null","null","null"
"510",518774,"Matt Harvey",2012,"978","52.15","0.045","0.015","0.111","0.061","0.241","0.209","0.000","3","66","null","null","null","91.7","null","67","159","344","null","null","null","null","null","null","null","null","null"
"1924",434378,"Justin Verlander",2013,"3692","52.11","0.189","0.047","0.299","0.236","0.298","0.153","0.000","52","275","null","null","null","88.9","null","198","575","1329","null","null","null","null","null","null","null","null","null"
"517",430912,"Matt Cain",2015,"993","52.06","0.154","0.038","0.200","0.192","0.279","0.311","0.181","12","78","81.8","12.5","2316","87.7","86.07","51","157","355","-1.6","5.27","111","149","110","146","289","316","296"
"1531",605228,"Jose Fernandez",2016,"2943","52.02","0.098","0.037","0.258","0.134","0.215","0.218","0.101","24","246","78.7","9.4","2239","90.1","90.50","265","480","1019","0.4","6.59","109","149","106","146","289","319","295"
"1738",453286,"Max Scherzer",2011,"3344","51.97","0.209","0.109","0.293","0.318","0.307","0.121","0.000","54","258","null","null","null","88.9","null","170","515","1210","null","null","null","null","null","null","null","null","null"
"1704",453311,"Tim Lincecum",2013,"3281","51.94","0.162","0.043","0.294","0.205","0.304","0.188","0.000","34","210","null","null","null","85.9","null","220","467","1197","null","null","null","null","null","null","null","null","null"
"1776",433587,"Felix Hernandez",2012,"3422","51.90","0.173","0.010","0.336","0.183","0.253","0.123","0.000","50","289","null","null","null","89.8","null","236","581","1182","null","null","null","null","null","null","null","null","null"
"1712",456501,"Johnny Cueto",2016,"3300","51.88","0.139","0.026","0.240","0.165","0.224","0.235","0.147","37","266","77.4","8.7","2097","88.1","87.16","184","536","1162","-0.9","5.67","112","150","110","148","286","307","296"
"1925",450308,"Jered Weaver",2010,"3713","51.84","0.179","0.091","0.251","0.269","0.262","0.096","0.000","55","308","null","null","null","84.4","null","210","634","1279","null","null","null","null","null","null","null","null","null"
"1646",433587,"Felix Hernandez",2013,"3175","51.84","0.152","0.022","0.307","0.173","0.225","0.104","0.000","35","231","null","null","null","89.3","null","236","516","1120","null","null","null","null","null","null","null","null","null"
"1359",218596,"Tim Hudson",2012,"2623","51.81","0.125","0.006","0.177","0.131","0.242","0.155","0.000","22","176","null","null","null","85.8","null","121","369","965","null","null","null","null","null","null","null","null","null"
"1357",461829,"Gio Gonzalez",2014,"2623","51.73","0.178","0.063","0.319","0.241","0.301","0.162","0.000","31","174","null","null","null","88.0","null","163","391","959","null","null","null","null","null","null","null","null","null"
"1695",453286,"Max Scherzer",2012,"3278","51.71","0.212","0.064","0.372","0.276","0.306","0.135","0.000","53","250","null","null","null","90.8","null","202","510","1164","null","null","null","null","null","null","null","null","null"
"1705",453286,"Max Scherzer",2010,"3298","51.70","0.153","0.036","0.252","0.189","0.270","0.154","0.000","38","249","null","null","null","90.0","null","180","523","1167","null","null","null","null","null","null","null","null","null"
"1301",450729,"Doug Fister",2012,"2517","51.69","0.165","0.052","0.217","0.217","0.242","0.099","0.000","35","212","null","null","null","85.1","null","120","429","852","null","null","null","null","null","null","null","null","null"
"1877",448306,"James Shields",2014,"3632","51.68","0.200","0.071","0.298","0.271","0.278","0.104","0.000","56","280","null","null","null","88.0","null","212","583","1281","null","null","null","null","null","null","null","null","null"
"1780",425844,"Zack Greinke",2010,"3445","51.67","0.167","0.036","0.274","0.203","0.251","0.118","0.000","46","276","null","null","null","89.7","null","173","517","1248","null","null","null","null","null","null","null","null","null"
"1508",430912,"Matt Cain",2013,"2922","51.61","0.159","0.090","0.276","0.249","0.294","0.159","0.000","30","189","null","null","null","88.3","null","148","409","1079","null","null","null","null","null","null","null","null","null"
"809",430912,"Matt Cain",2016,"1568","51.59","0.131","0.061","0.190","0.192","0.285","0.291","0.137","13","99","76.5","17.0","2459","86.6","85.11","76","205","589","-1.5","5.33","110","148","111","148","286","308","297"
"1641",446372,"Corey Kluber",2016,"3189","51.46","0.140","0.047","0.277","0.186","0.257","0.255","0.139","33","236","76.0","10.4","2395","89.9","90.20","255","527","1102","0.3","6.27","107","151","112","147","293","312","288"
"1753",434378,"Justin Verlander",2014,"3409","51.42","0.207","0.062","0.298","0.269","0.301","0.136","0.000","50","242","null","null","null","88.3","null","151","502","1235","null","null","null","null","null","null","null","null","null"
"1228",136880,"Roy Halladay",2012,"2388","51.42","0.191","0.015","0.319","0.206","0.253","0.103","0.000","37","194","null","null","null","85.4","null","144","393","825","null","null","null","null","null","null","null","null","null"
"1830",452657,"Jon Lester",2013,"3559","51.42","0.190","0.062","0.317","0.251","0.317","0.173","0.000","40","211","null","null","null","89.4","null","180","534","1284","null","null","null","null","null","null","null","null","null"
"1720",430912,"Matt Cain",2012,"3345","51.42","0.150","0.081","0.243","0.231","0.260","0.128","0.000","37","247","null","null","null","87.8","null","173","479","1222","null","null","null","null","null","null","null","null","null"
"1589",425794,"Adam Wainwright",2012,"3092","51.39","0.141","0.016","0.243","0.157","0.230","0.122","0.000","35","248","null","null","null","84.4","null","162","480","1087","null","null","null","null","null","null","null","null","null"
"1441",346798,"Kyle Lohse",2011,"2805","51.37","0.191","0.089","0.243","0.281","0.274","0.104","0.000","45","235","null","null","null","86.2","null","101","406","1022","null","null","null","null","null","null","null","null","null"
"1490",453329,"Clay Buchholz",2012,"2901","51.36","0.211","0.096","0.287","0.306","0.336","0.169","0.000","44","209","null","null","null","87.3","null","148","439","1029","null","null","null","null","null","null","null","null","null"
"1704",519242,"Chris Sale",2015,"3323","51.28","0.186","0.047","0.357","0.234","0.267","0.230","0.144","51","274","79.2","6.6","2208","89.0","88.15","249","553","1137","-0.8","6.09","108","147","108","145","294","306","280"
"555",446372,"Corey Kluber",2012,"1083","51.25","0.154","0.038","0.255","0.192","0.259","0.137","0.000","12","78","null","null","null","89.1","null","71","165","386","null","null","null","null","null","null","null","null","null"
"1828",518516,"Madison Bumgarner",2016,"3571","51.19","0.114","0.055","0.216","0.169","0.235","0.241","0.116","27","236","78.3","17.6","2292","86.9","87.13","226","552","1262","0.2","6.51","109","148","110","145","288","308","293"
"1620",506433,"Yu Darvish",2012,"3166","51.17","0.119","0.075","0.245","0.195","0.293","0.197","0.000","27","226","null","null","null","87.9","null","206","450","1145","null","null","null","null","null","null","null","null","null"
"1144",594798,"Jacob deGrom",2014,"2236","51.16","0.168","0.058","0.289","0.226","0.285","0.151","0.000","26","155","null","null","null","90.0","null","138","329","803","null","null","null","null","null","null","null","null","null"
"1528",435178,"Josh Johnson",2010,"2988","51.14","0.145","0.023","0.263","0.168","0.234","0.121","0.000","31","214","null","null","null","92.6","null","187","451","1050","null","null","null","null","null","null","null","null","null"
"1695",430935,"Cole Hamels",2012,"3316","51.12","0.167","0.068","0.276","0.235","0.254","0.109","0.000","44","264","null","null","null","87.4","null","218","554","1125","null","null","null","null","null","null","null","null","null"
"1693",518516,"Madison Bumgarner",2015,"3313","51.10","0.097","0.028","0.223","0.125","0.181","0.184","0.093","24","248","78.8","4.3","2257","87.1","86.58","258","549","1124","-0.5","6.11","111","148","110","144","292","314","291"
"1637",518516,"Madison Bumgarner",2013,"3205","51.08","0.134","0.059","0.294","0.193","0.274","0.167","0.000","27","202","null","null","null","87.0","null","199","466","1141","null","null","null","null","null","null","null","null","null"
"1755",453562,"Jake Arrieta",2015,"3438","51.05","0.121","0.066","0.209","0.188","0.230","0.232","0.130","31","256","78.5","6.1","2321","90.8","89.91","244","566","1170","-0.9","6.03","114","150","109","148","285","299","286"
"1023",218596,"Tim Hudson",2013,"2006","51.00","0.188","0.031","0.316","0.219","0.288","0.148","0.000","24","128","null","null","null","85.9","null","121","289","720","null","null","null","null","null","null","null","null","null"
"1840",433587,"Felix Hernandez",2011,"3608","51.00","0.143","0.046","0.268","0.189","0.248","0.131","0.000","40","280","null","null","null","90.7","null","210","574","1256","null","null","null","null","null","null","null","null","null"
"1783",430912,"Matt Cain",2010,"3501","50.93","0.135","0.051","0.213","0.186","0.252","0.141","0.000","32","237","null","null","null","88.3","null","184","525","1235","null","null","null","null","null","null","null","null","null"
"1706",450729,"Doug Fister",2013,"3351","50.91","0.223","0.050","0.304","0.273","0.303","0.122","0.000","58","260","null","null","null","84.1","null","164","526","1151","null","null","null","null","null","null","null","null","null"
"1494",592789,"Noah Syndergaard",2016,"2935","50.90","0.163","0.031","0.336","0.194","0.238","0.208","0.120","37","227","77.2","5.3","2100","94.2","94.75","257","532","947","0.5","6.77","110","152","111","146","290","311","294"
"1831",434622,"Ubaldo Jimenez",2010,"3600","50.86","0.131","0.023","0.248","0.154","0.266","0.171","0.000","34","259","null","null","null","92.0","null","183","482","1313","null","null","null","null","null","null","null","null","null"
"1700",430935,"Cole Hamels",2015,"3344","50.84","0.137","0.076","0.240","0.213","0.267","0.266","0.144","34","249","80.6","9.3","2009","88.3","88.08","269","548","1122","-0.2","6.37","106","150","109","147","292","315","290"
"400",605228,"Jose Fernandez",2014,"787","50.83","0.107","0.040","0.226","0.147","0.186","0.090","0.000","8","75","null","null","null","89.7","null","69","139","254","null","null","null","null","null","null","null","null","null"
"1286",434671,"Anibal Sanchez",2015,"2532","50.79","0.209","0.141","0.314","0.350","0.323","0.292","0.198","37","177","82.1","8.6","2182","89.0","88.69","134","373","905","-0.3","6.17","108","151","115","144","288","306","284"
"1265",434622,"Ubaldo Jimenez",2016,"2492","50.76","0.152","0.073","0.242","0.225","0.333","0.346","0.178","23","151","77.7","12.5","2003","86.8","86.31","119","323","932","-0.5","5.88","105","151","115","147","298","309","298"
"1651",434622,"Ubaldo Jimenez",2011,"3259","50.66","0.181","0.106","0.299","0.286","0.339","0.193","0.000","36","199","null","null","null","89.7","null","161","433","1182","null","null","null","null","null","null","null","null","null"
"1223",453562,"Jake Arrieta",2014,"2416","50.62","0.120","0.021","0.232","0.141","0.207","0.110","0.000","23","191","null","null","null","89.5","null","163","380","828","null","null","null","null","null","null","null","null","null"
"1856",434378,"Justin Verlander",2016,"3668","50.60","0.107","0.065","0.207","0.172","0.227","0.218","0.100","28","262","78.0","20.2","2522","90.0","89.27","248","603","1234","-0.7","5.99","110","152","115","146","303","323","292"
"1600",434622,"Ubaldo Jimenez",2013,"3164","50.57","0.141","0.026","0.293","0.168","0.288","0.190","0.000","27","191","null","null","null","88.3","null","140","373","1215","null","null","null","null","null","null","null","null","null"
"937",218596,"Tim Hudson",2015,"1854","50.54","0.158","0.061","0.208","0.219","0.307","0.334","0.192","18","114","82.5","0.7","1990","84.6","83.39","93","252","665","-1.2","5.47","112","149","108","146","292","319","294"
"1096",502171,"Alex Cobb",2012,"2169","50.53","0.150","0.048","0.216","0.198","0.266","0.149","0.000","25","167","null","null","null","86.7","null","112","339","741","null","null","null","null","null","null","null","null","null"
"1317",448802,"Jaime Garcia",2010,"2609","50.48","0.151","0.034","0.270","0.184","0.282","0.172","0.000","27","179","null","null","null","86.2","null","167","395","894","null","null","null","null","null","null","null","null","null"
"1165",506433,"Yu Darvish",2014,"2312","50.39","0.137","0.060","0.300","0.197","0.253","0.138","0.000","25","183","null","null","null","87.5","null","146","321","838","null","null","null","null","null","null","null","null","null"
"1691",425794,"Adam Wainwright",2010,"3358","50.36","0.146","0.039","0.261","0.185","0.244","0.127","0.000","37","254","null","null","null","84.7","null","197","481","1193","null","null","null","null","null","null","null","null","null"
"941",547874,"Hisashi Iwakuma",2015,"1872","50.27","0.184","0.074","0.292","0.258","0.247","0.246","0.191","30","163","80.9","8.1","1918","84.9","84.38","140","339","594","-0.5","6.18","114","147","111","147","291","312","294"
"1703",453286,"Max Scherzer",2013,"3388","50.27","0.152","0.041","0.291","0.193","0.244","0.120","0.000","41","270","null","null","null","88.9","null","194","488","1207","null","null","null","null","null","null","null","null","null"
"983",453562,"Jake Arrieta",2012,"1956","50.26","0.254","0.097","0.390","0.351","0.354","0.145","0.000","34","134","null","null","null","89.9","null","90","271","696","null","null","null","null","null","null","null","null","null"
"1576",430935,"Cole Hamels",2014,"3136","50.26","0.166","0.063","0.306","0.229","0.290","0.156","0.000","37","223","null","null","null","88.6","null","215","489","1069","null","null","null","null","null","null","null","null","null"
"1636",425794,"Adam Wainwright",2014,"3258","50.21","0.153","0.045","0.240","0.198","0.253","0.129","0.000","37","242","null","null","null","84.5","null","189","480","1125","null","null","null","null","null","null","null","null","null"
"1274",112526,"Bartolo Colon",2011,"2542","50.12","0.272","0.158","0.358","0.429","0.366","0.121","0.000","50","184","null","null","null","90.8","null","75","358","899","null","null","null","null","null","null","null","null","null"
"1567",346798,"Kyle Lohse",2012,"3127","50.11","0.156","0.076","0.214","0.232","0.231","0.087","0.000","39","250","null","null","null","86.1","null","132","460","1092","null","null","null","null","null","null","null","null","null"
"1509",346798,"Kyle Lohse",2013,"3013","50.08","0.180","0.024","0.268","0.204","0.248","0.102","0.000","38","211","null","null","null","85.7","null","129","412","1089","null","null","null","null","null","null","null","null","null"
"1650",543243,"Sonny Gray",2014,"3295","50.08","0.134","0.042","0.260","0.176","0.273","0.173","0.000","29","216","null","null","null","89.0","null","200","445","1186","null","null","null","null","null","null","null","null","null"
"828",450729,"Doug Fister",2015,"1654","50.06","0.220","0.076","0.269","0.297","0.307","0.296","0.207","26","118","79.1","5.7","1911","83.8","83.96","52","252","556","0.2","6.61","110","150","105","146","289","302","293"
"1564",453562,"Jake Arrieta",2016,"3125","50.05","0.100","0.048","0.180","0.148","0.266","0.287","0.133","21","210","78.3","5.9","2374","91.1","90.65","187","441","1110","-0.5","6.25","113","151","110","148","294","319","293"
"33",448855,"Junior Guerra",2015,"66","50.00","0.167","0.000","0.250","0.167","0.229","0.316","0.270","1","6","86.4","3.0","1897","88.3","87.71","5","11","18","-0.6","5.99","108","147","104","142","294","312","284"
"1487",594798,"Jacob deGrom",2015,"2976","49.97","0.146","0.049","0.301","0.195","0.221","0.190","0.112","33","226","78.1","4.0","2156","91.6","91.95","217","507","967","0.4","6.76","113","151","114","145","289","309","292"
"1286",434671,"Anibal Sanchez",2016,"2578","49.88","0.223","0.070","0.324","0.293","0.345","0.321","0.189","35","157","78.9","16.5","2180","87.7","87.43","120","349","926","-0.3","6.15","109","151","114","145","303","321","292"
"1594",450729,"Doug Fister",2011,"3196","49.87","0.140","0.054","0.188","0.194","0.218","0.093","0.000","39","279","null","null","null","86.8","null","149","570","1002","null","null","null","null","null","null","null","null","null"
"1108",453329,"Clay Buchholz",2016,"2226","49.78","0.160","0.053","0.226","0.214","0.322","0.330","0.171","21","131","77.8","15.2","2238","87.2","87.00","121","301","799","-0.2","6.29","107","150","116","146","281","318","289"
"1627",518516,"Madison Bumgarner",2012,"3269","49.77","0.136","0.066","0.283","0.202","0.259","0.143","0.000","29","213","null","null","null","87.6","null","200","482","1118","null","null","null","null","null","null","null","null","null"
"1609",543037,"Gerrit Cole",2015,"3239","49.68","0.159","0.044","0.287","0.203","0.258","0.266","0.165","36","227","81.8","4.0","2123","92.5","92.15","211","477","1111","-0.4","6.20","108","151","111","148","297","318","292"
"549",519242,"Chris Sale",2011,"1105","49.68","0.111","0.033","0.250","0.144","0.241","0.156","0.000","10","90","null","null","null","89.0","null","85","161","373","null","null","null","null","null","null","null","null","null"
"1775",448306,"James Shields",2011,"3576","49.64","0.142","0.059","0.257","0.201","0.236","0.112","0.000","41","288","null","null","null","85.8","null","227","549","1216","null","null","null","null","null","null","null","null","null"
"966",543243,"Sonny Gray",2016,"1947","49.61","0.173","0.073","0.347","0.245","0.315","0.273","0.118","19","110","78.6","6.4","2458","89.2","88.82","108","234","730","-0.4","6.13","107","151","108","147","292","320","298"
"313",448802,"Jaime Garcia",2014,"631","49.60","0.073","0.036","0.148","0.109","0.166","0.098","0.000","4","55","null","null","null","85.8","null","53","103","206","null","null","null","null","null","null","null","null","null"
"1661",448306,"James Shields",2010,"3351","49.57","0.188","0.116","0.318","0.304","0.293","0.117","0.000","47","250","null","null","null","86.8","null","209","532","1110","null","null","null","null","null","null","null","null","null"
"1751",425794,"Adam Wainwright",2013,"3533","49.56","0.162","0.015","0.291","0.177","0.211","0.079","0.000","44","271","null","null","null","85.6","null","216","561","1172","null","null","null","null","null","null","null","null","null"
"1551",430935,"Cole Hamels",2011,"3132","49.52","0.146","0.055","0.221","0.202","0.232","0.103","0.000","37","253","null","null","null","87.5","null","200","501","1033","null","null","null","null","null","null","null","null","null"
"1718",136880,"Roy Halladay",2011,"3469","49.52","0.181","0.036","0.304","0.217","0.228","0.072","0.000","50","277","null","null","null","87.6","null","221","576","1115","null","null","null","null","null","null","null","null","null"
"1767",136880,"Roy Halladay",2010,"3568","49.52","0.129","0.053","0.218","0.183","0.201","0.082","0.000","34","263","null","null","null","89.0","null","210","567","1185","null","null","null","null","null","null","null","null","null"
"1831",456034,"David Price",2011,"3698","49.51","0.169","0.044","0.276","0.213","0.277","0.145","0.000","42","249","null","null","null","92.1","null","148","506","1298","null","null","null","null","null","null","null","null","null"
"1479",448802,"Jaime Garcia",2011,"2987","49.51","0.138","0.058","0.250","0.196","0.232","0.111","0.000","31","224","null","null","null","86.0","null","215","469","990","null","null","null","null","null","null","null","null","null"
"1484",543699,"Tanner Roark",2014,"2999","49.48","0.168","0.040","0.246","0.208","0.251","0.113","0.000","34","202","null","null","null","87.6","null","136","436","1034","null","null","null","null","null","null","null","null","null"
"1617",446372,"Corey Kluber",2015,"3274","49.39","0.133","0.070","0.256","0.203","0.229","0.225","0.132","34","256","81.1","9.5","2287","89.9","89.99","262","555","1036","0.1","6.23","109","150","110","148","284","306","292"
"491",543243,"Sonny Gray",2013,"995","49.35","0.121","0.017","0.269","0.138","0.250","0.164","0.000","7","58","null","null","null","89.4","null","52","100","391","null","null","null","null","null","null","null","null","null"
"1373",218596,"Tim Hudson",2014,"2784","49.32","0.149","0.069","0.229","0.218","0.250","0.119","0.000","26","174","null","null","null","85.2","null","162","394","953","null","null","null","null","null","null","null","null","null"
"1060",434378,"Justin Verlander",2015,"2150","49.30","0.165","0.094","0.253","0.259","0.280","0.249","0.141","23","139","80.3","18.0","2418","89.3","88.74","108","306","746","-0.6","6.03","110","151","114","145","287","302","281"
"1517",543243,"Sonny Gray",2015,"3078","49.29","0.141","0.053","0.270","0.194","0.258","0.262","0.145","29","206","81.7","4.5","2308","90.0","89.52","184","413","1101","-0.5","5.97","112","151","110","147","294","319","299"
"407",448802,"Jaime Garcia",2013,"826","49.27","0.186","0.068","0.294","0.254","0.295","0.142","0.000","11","59","null","null","null","85.4","null","53","117","288","null","null","null","null","null","null","null","null","null"
"1707",477132,"Clayton Kershaw",2012,"3469","49.21","0.129","0.056","0.227","0.185","0.232","0.126","0.000","32","249","null","null","null","88.9","null","212","509","1176","null","null","null","null","null","null","null","null","null"
"1682",430935,"Cole Hamels",2013,"3423","49.14","0.160","0.053","0.273","0.214","0.252","0.116","0.000","42","262","null","null","null","87.7","null","216","572","1083","null","null","null","null","null","null","null","null","null"
"1718",446372,"Corey Kluber",2014,"3500","49.09","0.174","0.094","0.339","0.268","0.273","0.116","0.000","46","265","null","null","null","90.3","null","288","574","1127","null","null","null","null","null","null","null","null","null"
"1646",456034,"David Price",2010,"3355","49.06","0.134","0.040","0.232","0.174","0.264","0.161","0.000","33","247","null","null","null","91.4","null","155","494","1139","null","null","null","null","null","null","null","null","null"
"1702",477132,"Clayton Kershaw",2011,"3469","49.06","0.100","0.037","0.202","0.138","0.190","0.103","0.000","27","269","null","null","null","89.4","null","226","546","1141","null","null","null","null","null","null","null","null","null"
"1830",433587,"Felix Hernandez",2010,"3731","49.05","0.144","0.067","0.243","0.211","0.252","0.127","0.000","41","284","null","null","null","91.5","null","222","600","1211","null","null","null","null","null","null","null","null","null"
"1581",434671,"Anibal Sanchez",2011,"3225","49.02","0.163","0.067","0.291","0.230","0.277","0.142","0.000","39","239","null","null","null","87.6","null","190","485","1060","null","null","null","null","null","null","null","null","null"
"1530",434622,"Ubaldo Jimenez",2012,"3123","48.99","0.193","0.051","0.296","0.244","0.367","0.240","0.000","34","176","null","null","null","88.2","null","112","329","1175","null","null","null","null","null","null","null","null","null"
"772",506433,"Yu Darvish",2016,"1579","48.89","0.142","0.057","0.269","0.198","0.268","0.274","0.144","15","106","77.9","8.9","2427","89.1","89.35","100","233","534","0.2","6.37","108","149","111","147","301","329","302"
"949",543037,"Gerrit Cole",2016,"1942","48.87","0.234","0.097","0.384","0.331","0.345","0.304","0.186","29","124","75.8","8.8","2210","91.8","91.18","103","278","652","-0.6","6.12","112","150","109","148","297","306","288"
"1118",446372,"Corey Kluber",2013,"2290","48.82","0.197","0.083","0.333","0.280","0.291","0.121","0.000","31","157","null","null","null","90.8","null","127","320","790","null","null","null","null","null","null","null","null","null"
"1149",594798,"Jacob deGrom",2016,"2354","48.81","0.144","0.041","0.282","0.185","0.254","0.243","0.127","21","146","77.5","15.5","2254","90.6","91.55","134","312","830","0.9","6.98","110","153","112","146","292","314","296"
"1197",450308,"Jered Weaver",2015,"2453","48.80","0.218","0.053","0.277","0.271","0.309","0.320","0.214","37","170","83.0","14.8","2040","77.9","77.93","88","305","865","0.0","6.43","111","146","107","148","293","319","303"
"1240",547874,"Hisashi Iwakuma",2014,"2542","48.78","0.139","0.040","0.235","0.179","0.193","0.066","0.000","28","201","null","null","null","85.3","null","146","400","825","null","null","null","null","null","null","null","null","null"
"1070",543037,"Gerrit Cole",2014,"2197","48.70","0.153","0.022","0.304","0.175","0.269","0.159","0.000","21","137","null","null","null","92.1","null","133","290","763","null","null","null","null","null","null","null","null","null"
"1338",519242,"Chris Sale",2014,"2753","48.60","0.113","0.039","0.210","0.153","0.222","0.127","0.000","23","203","null","null","null","88.7","null","181","431","892","null","null","null","null","null","null","null","null","null"
"1637",430935,"Cole Hamels",2010,"3368","48.60","0.154","0.048","0.296","0.202","0.277","0.157","0.000","35","228","null","null","null","87.9","null","205","463","1141","null","null","null","null","null","null","null","null","null"
"186",425794,"Adam Wainwright",2015,"383","48.56","0.207","0.069","0.375","0.276","0.270","0.241","0.182","6","29","80.0","1.3","2325","84.9","85.09","18","54","131","0.2","6.19","110","147","109","148","293","302","296"
"1765",453286,"Max Scherzer",2014,"3638","48.52","0.140","0.042","0.259","0.181","0.241","0.129","0.000","37","265","null","null","null","88.2","null","202","516","1235","null","null","null","null","null","null","null","null","null"
"1551",518516,"Madison Bumgarner",2011,"3202","48.44","0.143","0.049","0.291","0.192","0.241","0.121","0.000","32","224","null","null","null","88.5","null","178","464","1056","null","null","null","null","null","null","null","null","null"
"1440",434671,"Anibal Sanchez",2013,"2974","48.42","0.103","0.010","0.219","0.113","0.211","0.133","0.000","21","203","null","null","null","89.2","null","209","419","1014","null","null","null","null","null","null","null","null","null"
"927",547874,"Hisashi Iwakuma",2012,"1916","48.38","0.119","0.022","0.203","0.142","0.251","0.163","0.000","16","134","null","null","null","86.6","null","103","287","624","null","null","null","null","null","null","null","null","null"
"612",453562,"Jake Arrieta",2013,"1265","48.38","0.122","0.012","0.179","0.134","0.310","0.235","0.000","10","82","null","null","null","90.8","null","45","165","438","null","null","null","null","null","null","null","null","null"
"1631",518516,"Madison Bumgarner",2014,"3372","48.37","0.147","0.071","0.320","0.218","0.245","0.115","0.000","33","225","null","null","null","87.7","null","209","515","1097","null","null","null","null","null","null","null","null","null"
"1370",450308,"Jered Weaver",2016,"2836","48.31","0.247","0.098","0.296","0.345","0.348","0.351","0.252","48","194","78.6","18.8","2209","78.0","77.47","94","380","976","-0.5","6.15","109","150","108","147","304","323","300"
"43",446372,"Corey Kluber",2011,"89","48.31","0.200","0.000","0.500","0.200","0.440","0.350","0.000","1","5","null","null","null","88.2","null","6","13","28","null","null","null","null","null","null","null","null","null"
"1245",448802,"Jaime Garcia",2016,"2578","48.29","0.144","0.042","0.242","0.186","0.293","0.285","0.127","24","167","76.9","-0.1","2361","86.7","85.66","132","329","889","-1.0","5.93","107","147","109","143","297","312","295"
"479",605228,"Jose Fernandez",2015,"992","48.29","0.189","0.027","0.341","0.216","0.269","0.256","0.170","14","74","82.3","16.6","2224","90.9","90.74","79","160","317","-0.2","6.58","108","148","107","147","296","312","291"
"1191",450729,"Doug Fister",2014,"2468","48.26","0.193","0.028","0.248","0.221","0.250","0.095","0.000","35","181","null","null","null","85.3","null","88","400","778","null","null","null","null","null","null","null","null","null"
"1720",453286,"Max Scherzer",2016,"3564","48.26","0.129","0.093","0.246","0.221","0.241","0.228","0.124","36","280","77.1","15.9","2299","89.5","88.92","285","577","1129","-0.6","5.91","112","150","112","147","293","309","289"
"731",518774,"Matt Harvey",2016,"1515","48.25","0.162","0.051","0.243","0.214","0.246","0.273","0.186","19","117","79.1","8.7","2192","91.3","90.47","78","241","479","-0.8","5.88","110","150","108","146","293","314","297"
"1607",456034,"David Price",2012,"3332","48.23","0.152","0.065","0.248","0.217","0.279","0.154","0.000","33","217","null","null","null","91.4","null","145","405","1184","null","null","null","null","null","null","null","null","null"
"1734",456034,"David Price",2016,"3597","48.21","0.160","0.059","0.271","0.219","0.255","0.253","0.156","41","256","77.6","9.7","2057","89.2","88.01","189","538","1187","-1.2","5.87","106","149","114","146","285","318","285"
"268",519455,"Jordan Zimmermann",2010,"556","48.20","0.226","0.226","0.250","0.452","0.394","0.183","0.000","7","31","null","null","null","88.5","null","14","62","201","null","null","null","null","null","null","null","null","null"
"1652",477132,"Clayton Kershaw",2013,"3428","48.19","0.127","0.045","0.250","0.172","0.228","0.123","0.000","28","221","null","null","null","88.0","null","217","507","1130","null","null","null","null","null","null","null","null","null"
"1348",518774,"Matt Harvey",2015,"2798","48.18","0.176","0.057","0.289","0.233","0.263","0.249","0.155","34","193","82.0","6.6","2254","93.0","91.91","175","428","902","-1.1","6.02","113","149","111","146","292","308","292"
"1010",434671,"Anibal Sanchez",2014,"2097","48.16","0.156","0.039","0.244","0.195","0.249","0.124","0.000","20","128","null","null","null","88.8","null","106","301","700","null","null","null","null","null","null","null","null","null"
"822",519455,"Jordan Zimmermann",2016,"1707","48.15","0.207","0.081","0.296","0.288","0.306","0.288","0.184","23","111","78.0","15.6","2357","89.1","88.38","72","237","581","-0.7","5.95","109","151","114","145","303","321","292"
"844",448802,"Jaime Garcia",2012,"1757","48.04","0.216","0.037","0.384","0.254","0.283","0.106","0.000","29","134","null","null","null","85.7","null","138","278","559","null","null","null","null","null","null","null","null","null"
"1449",519242,"Chris Sale",2012,"3019","48.00","0.149","0.100","0.246","0.249","0.267","0.130","0.000","33","221","null","null","null","86.8","null","179","441","988","null","null","null","null","null","null","null","null","null"
"188",519242,"Chris Sale",2010,"392","47.96","0.083","0.000","0.182","0.083","0.251","0.200","0.000","2","24","null","null","null","92.2","null","19","44","143","null","null","null","null","null","null","null","null","null"
"825",543037,"Gerrit Cole",2013,"1727","47.77","0.150","0.008","0.241","0.157","0.236","0.125","0.000","19","127","null","null","null","92.6","null","96","241","575","null","null","null","null","null","null","null","null","null"
"820",518516,"Madison Bumgarner",2010,"1720","47.67","0.235","0.101","0.388","0.336","0.339","0.141","0.000","28","119","null","null","null","86.9","null","77","236","569","null","null","null","null","null","null","null","null","null"
"1615",477132,"Clayton Kershaw",2015,"3397","47.54","0.094","0.026","0.250","0.119","0.190","0.183","0.086","22","235","77.4","7.4","2201","88.3","87.69","276","531","1074","-0.6","6.16","114","150","107","148","292","303","288"
"813",453329,"Clay Buchholz",2015,"1716","47.38","0.121","0.034","0.217","0.155","0.229","0.233","0.124","14","116","81.9","6.1","2166","87.1","87.27","107","252","549","0.2","6.50","110","148","106","146","282","309","291"
"1276",518774,"Matt Harvey",2013,"2697","47.31","0.162","0.035","0.316","0.197","0.233","0.097","0.000","32","198","null","null","null","92.5","null","193","425","833","null","null","null","null","null","null","null","null","null"
"1601",477132,"Clayton Kershaw",2010,"3390","47.23","0.118","0.049","0.225","0.167","0.282","0.194","0.000","24","204","null","null","null","88.2","null","156","417","1145","null","null","null","null","null","null","null","null","null"
"1443",434671,"Anibal Sanchez",2012,"3057","47.20","0.160","0.036","0.269","0.196","0.251","0.123","0.000","36","225","null","null","null","88.0","null","157","414","1008","null","null","null","null","null","null","null","null","null"
"1618",519242,"Chris Sale",2016,"3432","47.14","0.169","0.091","0.284","0.260","0.285","0.277","0.163","37","219","77.9","11.1","2217","88.2","86.97","186","499","1093","-1.2","5.90","107","150","107","145","297","313","283"
"1345",112526,"Bartolo Colon",2016,"2853","47.14","0.218","0.112","0.273","0.330","0.303","0.313","0.234","39","179","80.3","13.9","2132","87.5","85.63","91","399","928","-1.9","5.28","110","152","111","147","290","312","294"
"1524",434671,"Anibal Sanchez",2010,"3234","47.12","0.191","0.048","0.337","0.239","0.316","0.178","0.000","36","188","null","null","null","87.3","null","155","420","1073","null","null","null","null","null","null","null","null","null"
"1452",519455,"Jordan Zimmermann",2012,"3089","47.01","0.170","0.061","0.279","0.230","0.260","0.119","0.000","39","230","null","null","null","90.1","null","149","448","990","null","null","null","null","null","null","null","null","null"
"1401",547874,"Hisashi Iwakuma",2016,"2981","47.00","0.216","0.061","0.331","0.277","0.292","0.278","0.192","50","231","78.9","8.6","1961","83.7","83.14","144","433","948","-0.6","6.10","107","152","112","146","290","312","292"
"1284",285079,"R.A. Dickey",2016,"2742","46.83","0.187","0.133","0.247","0.320","0.362","0.373","0.206","28","150","76.0","13.4","1699","76.7","75.08","115","342","935","-1.6","5.39","110","151","116","148","293","315","291"
"1518",519242,"Chris Sale",2013,"3248","46.74","0.148","0.047","0.254","0.195","0.251","0.128","0.000","35","236","null","null","null","86.9","null","192","456","1042","null","null","null","null","null","null","null","null","null"
"1523",285079,"R.A. Dickey",2015,"3266","46.63","0.184","0.095","0.235","0.279","0.328","0.336","0.203","35","190","82.7","14.5","1577","76.7","75.06","117","425","1079","-1.6","5.49","108","152","114","147","290","314","293"
"1261",456034,"David Price",2013,"2707","46.58","0.160","0.046","0.283","0.206","0.233","0.094","0.000","31","194","null","null","null","89.7","null","107","346","907","null","null","null","null","null","null","null","null","null"
"865",448802,"Jaime Garcia",2015,"1857","46.58","0.107","0.050","0.185","0.157","0.211","0.220","0.122","13","121","80.6","3.4","2258","86.6","86.17","100","240","617","-0.4","5.98","108","147","108","146","294","306","295"
"352",543699,"Tanner Roark",2013,"756","46.56","0.133","0.017","0.186","0.150","0.212","0.107","0.000","8","60","null","null","null","88.6","null","33","118","234","null","null","null","null","null","null","null","null","null"
"1146",519455,"Jordan Zimmermann",2011,"2464","46.51","0.217","0.083","0.360","0.299","0.308","0.126","0.000","34","157","null","null","null","89.9","null","109","331","799","null","null","null","null","null","null","null","null","null"
"1440",519455,"Jordan Zimmermann",2015,"3103","46.41","0.135","0.023","0.238","0.158","0.221","0.210","0.118","30","222","78.0","9.0","2303","90.2","89.58","155","424","995","-0.6","5.99","110","151","108","147","288","303","296"
"1211",605228,"Jose Fernandez",2013,"2612","46.36","0.104","0.030","0.219","0.134","0.257","0.180","0.000","17","164","null","null","null","89.9","null","146","348","840","null","null","null","null","null","null","null","null","null"
"586",424324,"Cliff Lee",2014,"1273","46.03","0.224","0.071","0.357","0.296","0.281","0.081","0.000","22","98","null","null","null","86.7","null","62","174","407","null","null","null","null","null","null","null","null","null"
"1717",456034,"David Price",2014,"3730","46.03","0.128","0.033","0.240","0.160","0.207","0.099","0.000","31","243","null","null","null","89.8","null","178","489","1215","null","null","null","null","null","null","null","null","null"
"1385",112526,"Bartolo Colon",2014,"3011","46.00","0.214","0.053","0.289","0.267","0.282","0.104","0.000","40","187","null","null","null","87.7","null","97","401","962","null","null","null","null","null","null","null","null","null"
"1417",519455,"Jordan Zimmermann",2013,"3083","45.96","0.129","0.054","0.202","0.183","0.228","0.115","0.000","26","202","null","null","null","90.1","null","138","407","997","null","null","null","null","null","null","null","null","null"
"1424",547874,"Hisashi Iwakuma",2013,"3102","45.91","0.152","0.056","0.263","0.208","0.228","0.092","0.000","38","250","null","null","null","85.8","null","190","464","948","null","null","null","null","null","null","null","null","null"
"1608",285079,"R.A. Dickey",2013,"3505","45.88","0.144","0.065","0.200","0.209","0.297","0.185","0.000","29","201","null","null","null","76.5","null","126","436","1158","null","null","null","null","null","null","null","null","null"
"945",477132,"Clayton Kershaw",2016,"2062","45.83","0.121","0.043","0.281","0.163","0.161","0.148","0.110","17","141","77.0","9.3","2335","87.6","87.06","167","321","616","-0.5","6.18","113","152","108","145","291","308","288"
"1339",519455,"Jordan Zimmermann",2014,"2924","45.79","0.134","0.026","0.240","0.159","0.198","0.085","0.000","31","232","null","null","null","91.7","null","162","438","892","null","null","null","null","null","null","null","null","null"
"1237",112526,"Bartolo Colon",2015,"2708","45.68","0.226","0.074","0.293","0.300","0.277","0.281","0.220","52","230","82.8","6.1","2119","87.4","85.37","80","389","819","-2.0","5.26","111","150","112","145","291","309","293"
"1601",285079,"R.A. Dickey",2014,"3513","45.57","0.154","0.041","0.220","0.195","0.315","0.208","0.000","30","195","null","null","null","76.8","null","133","424","1154","null","null","null","null","null","null","null","null","null"
"1224",450729,"Doug Fister",2010,"2701","45.32","0.196","0.088","0.219","0.284","0.276","0.096","0.000","38","194","null","null","null","86.2","null","60","381","828","null","null","null","null","null","null","null","null","null"
"1245",112526,"Bartolo Colon",2013,"2777","44.83","0.220","0.029","0.306","0.249","0.270","0.093","0.000","38","173","null","null","null","89.3","null","85","374","870","null","null","null","null","null","null","null","null","null"
"1169",285079,"R.A. Dickey",2010,"2611","44.77","0.190","0.065","0.242","0.256","0.287","0.129","0.000","32","168","null","null","null","77.3","null","93","333","816","null","null","null","null","null","null","null","null","null"
"1503",285079,"R.A. Dickey",2012,"3360","44.73","0.119","0.070","0.194","0.189","0.245","0.140","0.000","27","227","null","null","null","78.1","null","163","489","990","null","null","null","null","null","null","null","null","null"
"1515",456034,"David Price",2015,"3389","44.70","0.124","0.040","0.232","0.164","0.220","0.227","0.130","28","226","80.7","8.2","2132","90.1","89.11","172","459","1040","-1.0","5.91","107","151","111","144","292","307","281"
"1496",453286,"Max Scherzer",2015,"3359","44.54","0.148","0.074","0.290","0.222","0.228","0.216","0.132","34","230","81.2","15.7","2205","89.6","88.74","227","496","982","-0.9","5.95","112","150","107","147","285","303","292"
"1386",285079,"R.A. Dickey",2011,"3132","44.25","0.151","0.066","0.190","0.217","0.296","0.180","0.000","25","166","null","null","null","77.9","null","96","374","984","null","null","null","null","null","null","null","null","null"
"1196",477132,"Clayton Kershaw",2014,"2722","43.94","0.091","0.029","0.221","0.120","0.168","0.088","0.000","19","208","null","null","null","88.9","null","199","426","763","null","null","null","null","null","null","null","null","null"
"1435",424324,"Cliff Lee",2011,"3403","42.17","0.154","0.058","0.252","0.212","0.237","0.101","0.000","37","241","null","null","null","88.0","null","142","435","987","null","null","null","null","null","null","null","null","null"
"1302",424324,"Cliff Lee",2012,"3099","42.01","0.159","0.066","0.282","0.225","0.217","0.067","0.000","36","227","null","null","null","88.0","null","143","409","887","null","null","null","null","null","null","null","null","null"
"894",112526,"Bartolo Colon",2012,"2141","41.76","0.253","0.067","0.336","0.320","0.308","0.092","0.000","38","150","null","null","null","90.0","null","58","271","616","null","null","null","null","null","null","null","null","null"
"1335",424324,"Cliff Lee",2013,"3253","41.04","0.136","0.056","0.236","0.192","0.215","0.092","0.000","27","198","null","null","null","87.6","null","140","413","913","null","null","null","null","null","null","null","null","null"
"1189",424324,"Cliff Lee",2010,"2981","39.89","0.174","0.076","0.313","0.250","0.224","0.058","0.000","32","184","null","null","null","88.7","null","104","352","826","null","null","null","null","null","null","null","null","null"